P1,nPRV1
P1,nPRV2
P2,nPRV3
P2,oPRV4
P2,nPRV5
P2,aPRV6
P2,oPRV7
P2,aPRV8
P2,nPRV9
P2,sPRV10
P2,sPRV10
P3,nPRV11
P3,nPRV12
P3,aPRV13
P3,sPRV14
P3,sPRV14
P3,aPRV15
P3,nPRV16
P3,oPRV17
P3,nPRV18
P3,aPRV19
P4,sPRV20
P4,sPRV20
P4,nPRV21
P4,nPRV22
P4,aPRV23
P4,oPRV24
P4,aPRV25
P4,nPRV16
P4,oPRV26
P4,nPRV2
P5,sPRV27
P5,sPRV27
P5,oPRV28
P6,aPRV29
P6,nPRV30
P6,nPRV31
P6,aPRV32
P7,nPRV33
P7,nPRV34
P7,oPRV35
P7,aPRV36
P7,oPRV28
P7,aPRV37
P7,nPRV38
P7,sPRV39
P7,sPRV39
P7,nPRV40
P7,oPRV41
P8,oPRV42
P8,nPRV43
P8,nPRV12
P8,aPRV44
P8,oPRV45
P8,aPRV46
P8,sPRV47
P8,sPRV47
P9,aPRV48
P9,oPRV49
P9,sPRV50
P9,sPRV51
P9,sPRV51
P9,nPRV52
P9,oPRV53
P9,nPRV54
P9,aPRV55
P9,nPRV56
P9,nPRV57
P9,nPRV58
P10,nPRV59
P10,oPRV60
P10,aPRV61
P10,sPRV62
P10,sPRV62
P10,nPRV63
P10,aPRV64
P11,nPRV65
P11,oPRV66
P11,sPRV67
P11,sPRV67
P11,aPRV68
P11,nPRV69
P11,nPRV70
P11,aPRV71
P11,nPRV72
P12,nPRV73
P12,oPRV74
P12,sPRV75
P12,sPRV75
P12,aPRV76
P12,nPRV77
P12,nPRV78
P12,aPRV68
P12,nPRV79
P13,aPRV80
P13,nPRV81
P13,oPRV53
P13,nPRV82
P13,nPRV83
P13,nPRV84
P13,sPRV51
P13,sPRV51
P13,aPRV13
P14,sPRV85
P14,sPRV85
P14,aPRV86
P14,oPRV87
P14,nPRV88
P14,oPRV89
P14,nPRV90
P14,aPRV91
P15,sPRV92
P15,nPRV93
P15,nPRV94
P15,sPRV95
P15,sPRV95
P15,aPRV96
P15,oPRV97
P15,oPRV98
P15,aPRV99
P15,nPRV100
P16,nPRV101
P16,sPRV102
P16,sPRV102
P16,oPRV103
P16,aPRV104
P16,oPRV105
P16,nPRV106
P16,aPRV46
P16,nPRV107
P16,nPRV108
P17,oPRV109
P17,oPRV110
P17,nPRV111
P17,sPRV112
P17,sPRV112
P17,aPRV113
P17,aPRV114
P17,nPRV115
P17,nPRV116
P18,aPRV117
P18,aPRV118
P18,nPRV119
P18,nPRV120
P18,sPRV121
P18,sPRV121
P18,nPRV122
P18,nPRV123
P19,aPRV124
P19,aPRV44
P19,oPRV125
P19,nPRV126
P19,oPRV127
P19,sPRV128
P19,sPRV128
P19,nPRV129
P19,nPRV130
P19,oPRV28
P19,nPRV12
P19,nPRV131
P19,oPRV132
P20,nPRV133
P20,nPRV115
P20,oPRV134
P20,aPRV135
P20,sPRV136
P20,sPRV136
P20,oPRV137
P21,nPRV138
P21,nPRV139
P21,oPRV140
P21,aPRV141
P21,aPRV142
P21,sPRV143
P21,sPRV143
P21,nPRV63
P21,oPRV144
P21,nPRV126
P21,nPRV145
P22,nPRV43
P22,nPRV101
P22,aPRV146
P22,oPRV147
P22,aPRV148
P22,nPRV149
P22,sPRV128
P22,sPRV128
P22,aPRV150
P22,nPRV151
P22,aPRV152
P22,nPRV153
P23,aPRV154
P23,nPRV116
P23,sPRV155
P23,sPRV155
P23,oPRV156
P23,nPRV157
P23,nPRV122
P23,aPRV158
P24,nPRV65
P24,oPRV159
P24,aPRV160
P24,aPRV161
P24,nPRV70
P24,sPRV143
P24,sPRV143
P25,nPRV162
P25,oPRV140
P25,aPRV71
P25,nPRV126
P25,nPRV163
P25,sPRV143
P25,sPRV143
P25,aPRV160
P25,nPRV164
P25,nPRV145
P26,nPRV165
P26,oPRV166
P26,sPRV167
P26,sPRV167
P26,oPRV168
P26,nPRV82
P26,aPRV169
P26,oPRV144
P26,nPRV170
P26,nPRV171
P27,aPRV172
P27,aPRV173
P27,nPRV174
P27,sPRV175
P27,sPRV175
P27,oPRV176
P27,nPRV177
P27,aPRV178
P28,nPRV179
P28,oPRV180
P28,nPRV163
P28,aPRV181
P28,aPRV96
P28,sPRV182
P28,sPRV182
P28,nPRV145
P29,nPRV183
P29,nPRV184
P29,sPRV185
P29,sPRV185
P29,aPRV186
P29,aPRV178
P29,nPRV187
P29,oPRV188
P29,nPRV189
P29,nPRV190
P30,sPRV14
P30,sPRV14
P30,nPRV88
P30,nPRV191
P30,oPRV192
P30,nPRV193
P30,nPRV21
P30,aPRV6
P30,oPRV17
P30,oPRV194
P31,nPRV145
P31,oPRV195
P31,nPRV177
P31,aPRV196
P31,sPRV197
P31,sPRV197
P31,aPRV198
P32,aPRV25
P32,nPRV40
P32,sPRV47
P32,sPRV47
P32,nPRV199
P32,oPRV200
P32,aPRV201
P33,aPRV64
P33,aPRV202
P33,sPRV47
P33,sPRV47
P33,oPRV45
P33,aPRV160
P33,nPRV122
P33,nPRV43
P33,nPRV101
P33,aPRV13
P33,nPRV108
P33,aPRV118
P33,nPRV107
P34,aPRV203
P34,oPRV204
P34,sPRV205
P34,sPRV205
P34,aPRV206
P34,nPRV79
P34,nPRV88
P35,nPRV63
P35,aPRV207
P35,nPRV208
P35,nPRV88
P35,sPRV209
P35,sPRV209
P35,oPRV125
P35,aPRV210
P36,aPRV61
P36,nPRV211
P36,aPRV86
P36,nPRV212
P36,oPRV213
P36,oPRV214
P36,sPRV215
P36,sPRV215
P36,nPRV83
P37,nPRV216
P37,sPRV92
P37,sPRV92
P37,oPRV17
P37,nPRV100
P37,aPRV217
P37,aPRV44
P37,nPRV16
P38,nPRV12
P38,nPRV88
P38,nPRV218
P38,aPRV196
P38,aPRV36
P38,sPRV47
P38,sPRV47
P38,oPRV105
P38,nPRV108
P38,nPRV163
P39,oPRV219
P39,sPRV39
P39,sPRV39
P39,nPRV78
P39,nPRV199
P39,oPRV220
P39,aPRV207
P39,aPRV210
P40,oPRV221
P40,oPRV222
P40,aPRV223
P40,nPRV133
P40,nPRV191
P40,sPRV224
P40,sPRV224
P40,oPRV137
P40,nPRV225
P41,nPRV106
P41,nPRV226
P41,aPRV80
P41,sPRV39
P41,sPRV39
P41,aPRV227
P41,oPRV103
P41,nPRV228
P42,oPRV229
P42,nPRV230
P42,nPRV231
P42,sPRV232
P42,sPRV232
P42,nPRV190
P42,nPRV233
P43,sPRV10
P43,sPRV10
P43,nPRV187
P43,aPRV234
P43,oPRV4
P43,aPRV235
P43,nPRV236
P43,oPRV237
P43,nPRV238
P43,nPRV3
P44,nPRV9
P44,oPRV239
P44,nPRV240
P44,oPRV26
P44,sPRV241
P44,sPRV241
P44,nPRV242
P44,aPRV223
P44,aPRV243
P44,oPRV137
P44,nPRV244
P45,nPRV106
P45,aPRV46
P45,aPRV245
P45,sPRV47
P45,sPRV47
P45,nPRV246
P45,oPRV247
P45,nPRV101
P45,oPRV45
P45,nPRV2
P45,aPRV124
P46,nPRV187
P46,sPRV10
P46,aPRV248
P46,sPRV10
P46,oPRV4
P46,nPRV236
P46,aPRV201
P46,nPRV242
P47,aPRV249
P47,oPRV250
P47,sPRV251
P47,sPRV251
P47,aPRV252
P47,nPRV253
P47,nPRV254
P47,aPRV255
P47,aPRV256
P47,nPRV257
P47,oPRV258
P47,nPRV120
P47,nPRV119
P48,aPRV160
P48,sPRV259
P48,sPRV259
P48,nPRV72
P48,nPRV77
P48,aPRV181
P48,oPRV180
P48,nPRV228
P48,nPRV1
P49,nPRV101
P49,nPRV43
P49,oPRV103
P49,aPRV160
P49,oPRV260
P49,nPRV38
P49,sPRV47
P49,sPRV47
P50,sPRV215
P50,sPRV215
P50,nPRV212
P50,nPRV211
P50,oPRV42
P50,aPRV261
P50,aPRV262
P51,aPRV263
P51,nPRV264
P51,nPRV218
P51,sPRV205
P51,sPRV205
P51,oPRV204
P51,oPRV105
P51,aPRV265
P51,nPRV199
P51,aPRV154
P52,nPRV101
P52,nPRV88
P52,oPRV195
P52,oPRV45
P52,sPRV102
P52,sPRV102
P52,aPRV266
P52,oPRV267
P52,nPRV165
P53,aPRV6
P53,sPRV185
P53,sPRV185
P53,nPRV189
P53,oPRV24
P53,nPRV268
P53,nPRV236
P54,aPRV266
P54,sPRV269
P54,sPRV269
P54,aPRV270
P54,nPRV271
P54,oPRV272
P54,nPRV273
P55,nPRV163
P55,nPRV77
P55,aPRV114
P55,aPRV124
P55,oPRV66
P55,sPRV182
P55,sPRV182
P56,nPRV65
P56,aPRV274
P56,nPRV69
P56,oPRV144
P56,sPRV143
P56,sPRV143
P56,oPRV140
P56,nPRV70
P56,aPRV141
P56,nPRV171
P56,sPRV275
P57,nPRV88
P57,oPRV45
P57,nPRV101
P57,sPRV47
P57,nPRV276
P57,sPRV47
P57,aPRV201
P57,aPRV86
P57,nPRV277
P57,oPRV278
P57,nPRV40
P58,oPRV279
P58,aPRV152
P58,nPRV111
P58,aPRV173
P58,nPRV273
P58,sPRV175
P58,sPRV175
P59,nPRV179
P59,oPRV280
P59,aPRV223
P59,nPRV1
P59,oPRV132
P59,sPRV209
P59,sPRV209
P59,oPRV281
P60,nPRV52
P60,aPRV282
P60,aPRV283
P60,sPRV284
P60,sPRV284
P60,nPRV133
P60,nPRV120
P61,aPRV285
P61,nPRV40
P61,nPRV59
P61,oPRV26
P61,aPRV141
P61,nPRV78
P61,sPRV62
P61,sPRV62
P61,sPRV92
P61,nPRV199
P62,nPRV286
P62,sPRV175
P62,sPRV175
P62,aPRV235
P62,nPRV38
P62,oPRV287
P62,nPRV288
P62,aPRV113
P62,nPRV116
P62,nPRV115
P62,aPRV223
P63,aPRV289
P63,sPRV290
P63,sPRV290
P63,oPRV103
P63,nPRV291
P63,aPRV292
P63,nPRV226
P63,nPRV120
P63,nPRV170
P64,nPRV231
P64,oPRV293
P64,aPRV294
P64,nPRV295
P64,oPRV296
P64,sPRV297
P64,sPRV297
P64,aPRV298
P64,oPRV299
P64,nPRV300
P65,sPRV301
P65,sPRV301
P65,oPRV17
P65,aPRV302
P65,nPRV16
P65,nPRV40
P65,aPRV274
P66,oPRV278
P66,sPRV47
P66,sPRV47
P66,aPRV303
P66,nPRV218
P66,nPRV304
P66,aPRV263
P66,nPRV34
P66,oPRV103
P66,nPRV131
P66,nPRV40
P67,oPRV66
P67,nPRV218
P67,nPRV305
P67,sPRV182
P67,sPRV182
P67,aPRV306
P67,nPRV307
P67,aPRV308
P68,nPRV170
P68,nPRV171
P68,sPRV128
P68,sPRV128
P68,aPRV44
P68,aPRV160
P68,oPRV127
P68,oPRV147
P68,nPRV228
P68,nPRV93
P69,sPRV309
P69,sPRV309
P69,aPRV117
P69,aPRV310
P69,nPRV78
P69,nPRV179
P69,nPRV277
P69,nPRV190
P70,sPRV47
P70,sPRV47
P70,aPRV245
P70,nPRV106
P70,aPRV46
P70,nPRV246
P70,oPRV45
P70,nPRV101
P70,oPRV247
P70,nPRV277
P70,nPRV218
P71,nPRV129
P71,nPRV77
P71,aPRV96
P71,nPRV163
P71,sPRV182
P71,sPRV182
P71,oPRV66
P71,aPRV44
P71,nPRV106
P71,aPRV311
P72,nPRV312
P72,nPRV313
P72,oPRV314
P72,aPRV135
P72,aPRV315
P72,sPRV224
P72,sPRV224
P73,oPRV316
P73,nPRV268
P73,oPRV317
P73,nPRV236
P73,aPRV249
P73,sPRV185
P73,sPRV185
P73,aPRV235
P73,oPRV7
P73,nPRV238
P73,nPRV318
P74,nPRV101
P74,aPRV104
P74,sPRV197
P74,sPRV197
P74,nPRV199
P74,aPRV23
P74,oPRV219
P74,oPRV319
P74,nPRV277
P74,nPRV193
P75,nPRV288
P75,aPRV320
P75,aPRV321
P75,oPRV272
P75,nPRV322
P75,sPRV323
P75,sPRV323
P75,nPRV120
P75,oPRV239
P75,nPRV324
P76,oPRV325
P76,nPRV312
P76,sPRV326
P76,sPRV326
P76,nPRV327
P76,aPRV328
P76,nPRV286
P76,aPRV329
P76,nPRV273
P76,nPRV57
P77,oPRV330
P77,sPRV284
P77,sPRV284
P77,nPRV331
P77,oPRV53
P77,aPRV332
P77,aPRV13
P77,nPRV333
P77,nPRV9
P77,oPRV334
P77,nPRV257
P77,nPRV335
P78,aPRV320
P78,sPRV185
P78,sPRV185
P78,nPRV3
P78,oPRV336
P78,aPRV337
P78,nPRV190
P78,nPRV189
P79,nPRV327
P79,nPRV273
P79,aPRV255
P79,sPRV323
P79,sPRV323
P79,oPRV338
P79,oPRV287
P79,nPRV339
P80,nPRV9
P80,sPRV209
P80,sPRV209
P80,aPRV217
P80,aPRV340
P80,oPRV341
P80,oPRV342
P80,nPRV100
P81,oPRV343
P81,aPRV344
P81,sPRV185
P81,nPRV318
P81,sPRV185
P81,aPRV320
P81,nPRV257
P81,oPRV280
P82,oPRV127
P82,sPRV128
P82,sPRV128
P82,nPRV170
P82,nPRV69
P82,aPRV80
P82,aPRV36
P82,nPRV93
P83,nPRV30
P83,nPRV31
P83,oPRV345
P83,aPRV346
P83,nPRV129
P83,sPRV347
P83,sPRV347
P83,oPRV348
P83,oPRV349
P84,nPRV40
P84,sPRV350
P84,sPRV350
P84,nPRV94
P84,nPRV107
P84,oPRV351
P84,oPRV342
P84,aPRV6
P85,aPRV249
P85,aPRV320
P85,nPRV236
P85,oPRV280
P85,nPRV268
P85,sPRV352
P85,sPRV352
P85,oPRV317
P85,nPRV187
P85,nPRV238
P86,nPRV107
P86,nPRV157
P86,oPRV342
P86,aPRV25
P86,aPRV274
P86,nPRV12
P86,sPRV209
P86,sPRV209
P87,sPRV353
P87,sPRV353
P87,oPRV250
P87,aPRV311
P87,nPRV354
P87,aPRV355
P87,nPRV254
P88,nPRV65
P88,aPRV160
P88,aPRV298
P88,nPRV70
P88,sPRV67
P88,sPRV67
P88,oPRV180
P89,nPRV264
P89,aPRV203
P89,nPRV211
P89,aPRV86
P89,sPRV39
P89,sPRV39
P89,nPRV356
P89,nPRV357
P89,nPRV212
P90,sPRV112
P90,sPRV112
P90,nPRV358
P90,aPRV255
P90,oPRV359
P90,aPRV360
P90,nPRV116
P90,nPRV119
P90,nPRV361
P91,sPRV269
P91,sPRV269
P91,aPRV64
P91,aPRV362
P91,nPRV273
P91,oPRV272
P91,nPRV271
P91,nPRV318
P92,aPRV363
P92,aPRV364
P92,nPRV268
P92,sPRV185
P92,sPRV185
P92,oPRV188
P92,nPRV183
P92,oPRV280
P92,nPRV189
P92,nPRV238
P93,nPRV295
P93,oPRV365
P93,nPRV151
P93,sPRV366
P93,sPRV366
P93,nPRV151
P93,nPRV300
P94,nPRV367
P94,nPRV179
P94,nPRV199
P94,sPRV209
P94,sPRV209
P94,oPRV281
P94,aPRV160
P94,aPRV368
P94,nPRV165
P94,aPRV315
P95,nPRV107
P95,sPRV369
P95,oPRV370
P95,sPRV85
P95,sPRV85
P95,aPRV201
P95,nPRV90
P95,aPRV263
P95,nPRV88
P96,oPRV371
P96,aPRV86
P96,nPRV106
P96,sPRV85
P96,sPRV85
P96,oPRV89
P96,nPRV218
P96,aPRV252
P96,nPRV164
P96,aPRV372
P96,nPRV373
P96,nPRV225
P96,nPRV90
P97,sPRV374
P97,sPRV374
P97,nPRV268
P97,aPRV235
P97,aPRV6
P97,oPRV188
P97,nPRV183
P97,nPRV236
P97,oPRV280
P97,nPRV187
P97,nPRV238
P97,oPRV375
P97,nPRV257
P98,nPRV376
P98,nPRV191
P98,sPRV175
P98,sPRV175
P98,oPRV359
P98,aPRV270
P98,nPRV377
P98,aPRV355
P98,nPRV81
P98,nPRV119
P99,oPRV338
P99,nPRV81
P99,aPRV378
P99,aPRV379
P99,aPRV380
P99,oPRV176
P99,sPRV323
P99,sPRV323
P99,nPRV381
P100,nPRV233
P100,nPRV189
P100,oPRV365
P100,nPRV230
P100,sPRV232
P100,sPRV232
P101,aPRV302
P101,nPRV193
P101,sPRV309
P101,sPRV309
P101,aPRV382
P101,nPRV153
P101,nPRV40
P102,aPRV320
P102,nPRV288
P102,oPRV279
P102,aPRV173
P102,nPRV273
P102,sPRV175
P102,sPRV175
P103,nPRV383
P103,nPRV238
P103,aPRV249
P103,aPRV235
P103,sPRV374
P103,sPRV374
P103,oPRV384
P103,oPRV317
P103,nPRV268
P103,nPRV385
P103,nPRV386
P103,aPRV6
P103,nPRV387
P103,oPRV375
P103,nPRV257
P103,aPRV388
P104,nPRV367
P104,nPRV199
P104,aPRV261
P104,oPRV334
P104,sPRV102
P104,sPRV102
P104,nPRV107
P104,oPRV204
P105,aPRV389
P105,nPRV120
P105,aPRV113
P105,nPRV383
P105,aPRV360
P105,sPRV297
P105,sPRV297
P105,oPRV365
P106,aPRV390
P106,oPRV384
P106,sPRV10
P106,sPRV10
P106,nPRV3
P106,aPRV344
P106,nPRV257
P107,aPRV160
P107,oPRV391
P107,aPRV172
P107,nPRV392
P107,oPRV250
P107,nPRV354
P107,sPRV393
P107,sPRV393
P107,nPRV257
P107,aPRV394
P107,oPRV395
P108,nPRV396
P108,oPRV66
P108,aPRV25
P108,nPRV397
P108,aPRV303
P108,sPRV398
P108,sPRV398
P109,aPRV141
P109,nPRV367
P109,oPRV399
P109,oPRV66
P109,sPRV209
P109,sPRV209
P109,nPRV199
P110,sPRV269
P110,sPRV269
P110,aPRV355
P110,nPRV331
P110,nPRV271
P110,oPRV272
P110,aPRV274
P110,nPRV177
P111,sPRV400
P111,sPRV400
P111,nPRV93
P111,oPRV281
P111,nPRV1
P111,aPRV124
P111,oPRV401
P111,aPRV372
P112,oPRV278
P112,aPRV36
P112,sPRV47
P112,sPRV47
P112,aPRV80
P112,aPRV303
P112,nPRV90
P112,nPRV34
P113,oPRV402
P113,oPRV403
P113,nPRV404
P113,aPRV405
P113,sPRV406
P113,sPRV406
P113,nPRV30
P113,nPRV339
P113,nPRV230
P113,nPRV381
P114,nPRV236
P114,sPRV185
P114,sPRV185
P114,aPRV8
P114,aPRV6
P114,oPRV407
P114,nPRV189
P114,nPRV386
P114,nPRV268
P114,nPRV3
P114,nPRV190
P115,sPRV408
P115,sPRV408
P115,oPRV144
P115,nPRV171
P115,aPRV141
P115,aPRV71
P115,nPRV357
P115,nPRV409
P116,oPRV239
P116,nPRV225
P116,oPRV410
P116,sPRV411
P116,sPRV411
P116,oPRV412
P116,nPRV254
P116,nPRV413
P116,aPRV223
P116,oPRV414
P116,aPRV207
P116,nPRV157
P117,aPRV161
P117,sPRV415
P117,sPRV415
P117,aPRV332
P117,nPRV93
P117,oPRV147
P117,nPRV170
P117,aPRV207
P117,nPRV357
P117,nPRV1
P118,oPRV395
P118,aPRV117
P118,aPRV416
P118,oPRV417
P118,nPRV120
P118,nPRV418
P118,nPRV419
P119,nPRV211
P119,aPRV265
P119,aPRV6
P119,sPRV205
P119,sPRV205
P119,oPRV195
P119,nPRV12
P119,oPRV420
P119,nPRV277
P120,sPRV421
P120,sPRV421
P120,aPRV13
P120,nPRV422
P121,aPRV311
P121,nPRV423
P121,aPRV424
P121,oPRV425
P122,aPRV243
P122,oPRV342
P122,oPRV426
P122,sPRV427
P122,sPRV427
P122,nPRV78
P122,nPRV199
P122,oPRV428
P122,nPRV165
P123,oPRV429
P123,nPRV240
P123,oPRV26
P123,aPRV430
P123,sPRV241
P123,sPRV241
P123,nPRV242
P123,oPRV431
P123,nPRV120
P123,aPRV432
P123,nPRV433
P124,sPRV232
P124,sPRV232
P124,aPRV294
P124,nPRV230
P124,oPRV239
P124,nPRV151
P124,nPRV233
P125,oPRV431
P125,aPRV245
P125,nPRV434
P125,sPRV241
P125,sPRV241
P125,nPRV240
P125,aPRV435
P125,oPRV26
P125,aPRV160
P125,nPRV174
P126,nPRV327
P126,aPRV436
P126,aPRV37
P126,oPRV437
P126,oPRV438
P126,nPRV439
P126,nPRV129
P126,sPRV440
P126,sPRV440
P127,nPRV376
P127,aPRV274
P127,sPRV441
P127,sPRV441
P127,aPRV255
P127,oPRV176
P127,nPRV307
P127,nPRV333
P127,aPRV442
P128,sPRV175
P128,sPRV175
P128,aPRV274
P128,aPRV135
P128,nPRV226
P128,nPRV288
P128,oPRV279
P129,oPRV42
P129,nPRV108
P129,nPRV212
P129,aPRV154
P129,aPRV46
P129,oPRV443
P129,sPRV39
P129,sPRV39
P129,nPRV277
P130,nPRV376
P130,nPRV291
P130,sPRV444
P130,sPRV444
P130,nPRV445
P130,aPRV270
P130,oPRV287
P130,aPRV355
P131,nPRV129
P131,oPRV41
P131,nPRV216
P131,sPRV92
P131,sPRV92
P131,oPRV280
P131,oPRV17
P131,aPRV446
P131,nPRV16
P131,nPRV1
P131,oPRV447
P131,nPRV22
P131,nPRV65
P132,nPRV9
P132,sPRV51
P132,sPRV51
P132,oPRV53
P132,oPRV395
P132,oPRV330
P132,aPRV223
P132,nPRV448
P132,nPRV244
P133,nPRV190
P133,oPRV449
P133,aPRV337
P133,oPRV188
P133,sPRV185
P133,sPRV185
P133,aPRV8
P133,nPRV268
P133,nPRV238
P134,nPRV386
P134,aPRV306
P134,nPRV190
P134,oPRV449
P134,aPRV178
P134,sPRV10
P134,sPRV10
P134,oPRV317
P134,nPRV187
P134,nPRV413
P134,nPRV238
P135,aPRV124
P135,aPRV436
P135,nPRV106
P135,sPRV128
P135,sPRV128
P135,nPRV93
P135,oPRV147
P136,oPRV450
P136,nPRV225
P136,oPRV451
P136,sPRV452
P136,sPRV452
P136,nPRV453
P136,oPRV260
P136,aPRV266
P137,nPRV318
P137,aPRV223
P137,aPRV270
P137,sPRV269
P137,sPRV269
P137,nPRV177
P137,nPRV264
P137,aPRV173
P137,oPRV272
P138,oPRV454
P138,nPRV225
P138,nPRV1
P138,nPRV199
P138,sPRV309
P138,aPRV117
P138,sPRV309
P139,nPRV327
P139,oPRV239
P139,sPRV455
P139,sPRV455
P139,nPRV456
P139,aPRV321
P139,nPRV81
P140,oPRV237
P140,oPRV431
P140,sPRV92
P140,sPRV92
P140,aPRV207
P140,oPRV17
P140,nPRV216
P140,aPRV298
P140,nPRV16
P140,nPRV165
P141,nPRV34
P141,oPRV60
P141,nPRV79
P141,oPRV26
P141,aPRV298
P141,sPRV20
P141,sPRV20
P141,aPRV6
P141,aPRV457
P141,nPRV145
P141,aPRV154
P141,aPRV13
P142,aPRV283
P142,sPRV20
P142,sPRV20
P142,aPRV104
P143,nPRV458
P143,nPRV459
P143,aPRV178
P143,sPRV27
P143,nPRV1
P143,aPRV460
P143,oPRV26
P143,aPRV461
P143,oPRV462
P143,nPRV463
P143,nPRV228
P143,sPRV95
P143,sPRV95
P144,oPRV464
P144,nPRV120
P144,oPRV258
P144,nPRV52
P144,nPRV335
P144,aPRV223
P144,sPRV284
P144,sPRV284
P144,nPRV54
P145,nPRV312
P145,oPRV222
P145,nPRV385
P145,aPRV173
P145,oPRV272
P145,aPRV315
P145,sPRV441
P145,sPRV441
P146,oPRV465
P146,aPRV124
P146,sPRV182
P146,sPRV182
P146,aPRV306
P146,nPRV77
P146,oPRV180
P146,nPRV171
P146,nPRV228
P146,nPRV165
P147,oPRV466
P147,aPRV263
P147,nPRV392
P147,oPRV260
P147,nPRV133
P147,sPRV393
P147,sPRV393
P148,aPRV467
P148,nPRV468
P148,nPRV163
P148,oPRV334
P148,nPRV2
P148,oPRV103
P148,sPRV39
P148,sPRV39
P148,oPRV247
P148,oPRV41
P148,aPRV173
P148,nPRV469
P149,nPRV468
P149,aPRV310
P149,nPRV52
P149,sPRV470
P149,sPRV470
P149,aPRV64
P149,oPRV471
P150,nPRV78
P150,aPRV148
P150,nPRV77
P150,aPRV141
P150,nPRV472
P150,sPRV182
P150,sPRV182
P150,oPRV66
P150,nPRV199
P151,nPRV218
P151,aPRV432
P151,nPRV88
P151,aPRV473
P151,oPRV342
P151,sPRV427
P151,sPRV427
P151,nPRV126
P151,nPRV171
P151,nPRV474
P152,oPRV287
P152,nPRV385
P152,aPRV113
P152,nPRV291
P152,nPRV475
P152,aPRV274
P152,sPRV444
P152,sPRV444
P152,oPRV272
P152,nPRV193
P152,aPRV389
P152,nPRV57
P152,nPRV119
P152,nPRV433
P153,oPRV140
P153,nPRV70
P153,nPRV357
P153,aPRV68
P153,oPRV476
P153,sPRV182
P153,sPRV182
P153,aPRV161
P153,sPRV14
P153,nPRV73
P154,nPRV459
P154,nPRV31
P154,oPRV476
P154,sPRV20
P154,sPRV20
P154,nPRV21
P154,aPRV223
P154,aPRV477
P155,sPRV224
P155,sPRV224
P155,nPRV73
P155,nPRV273
P155,oPRV272
P155,nPRV271
P155,aPRV478
P155,oPRV221
P155,aPRV113
P155,nPRV119
P155,aPRV207
P155,nPRV81
P156,nPRV226
P156,oPRV479
P156,nPRV291
P156,oPRV345
P156,sPRV290
P156,sPRV290
P156,aPRV158
P156,nPRV116
P157,nPRV111
P157,sPRV441
P157,aPRV15
P157,sPRV441
P157,oPRV272
P157,aPRV255
P157,nPRV133
P158,sPRV39
P158,sPRV39
P158,nPRV163
P158,oPRV105
P158,aPRV15
P158,aPRV446
P158,nPRV480
P158,oPRV204
P159,aPRV460
P159,oPRV97
P159,aPRV255
P159,nPRV240
P159,nPRV242
P159,sPRV241
P159,sPRV241
P159,oPRV476
P159,nPRV120
P160,aPRV435
P160,nPRV253
P160,aPRV363
P160,oPRV391
P160,sPRV251
P160,sPRV251
P160,nPRV56
P160,oPRV250
P160,nPRV254
P160,nPRV116
P160,nPRV38
P160,nPRV122
P160,nPRV73
P160,aPRV481
P161,sPRV224
P161,sPRV224
P161,aPRV13
P161,aPRV203
P161,aPRV482
P161,nPRV257
P161,nPRV288
P161,oPRV279
P161,aPRV483
P161,nPRV456
P161,nPRV433
P162,nPRV115
P162,nPRV129
P162,aPRV64
P162,sPRV455
P162,sPRV455
P162,nPRV456
P162,oPRV484
P162,aPRV37
P162,oPRV74
P162,nPRV327
P162,nPRV244
P163,aPRV362
P163,sPRV441
P163,sPRV441
P163,nPRV385
P163,aPRV355
P163,nPRV307
P163,nPRV485
P163,nPRV276
P164,oPRV451
P164,nPRV184
P164,oPRV399
P164,aPRV292
P164,sPRV486
P164,sPRV486
P164,oPRV487
P165,aPRV150
P165,oPRV317
P165,sPRV374
P165,sPRV374
P165,oPRV237
P165,aPRV311
P165,nPRV236
P165,nPRV3
P165,oPRV316
P166,nPRV183
P166,nPRV190
P166,oPRV4
P166,aPRV235
P166,nPRV189
P166,sPRV374
P166,sPRV374
P166,nPRV268
P166,aPRV178
P167,nPRV488
P167,nPRV396
P167,nPRV409
P167,aPRV91
P167,aPRV160
P167,oPRV98
P167,sPRV95
P167,sPRV95
P167,nPRV474
P167,nPRV356
P167,nPRV94
P167,aPRV135
P168,oPRV489
P168,nPRV264
P168,aPRV161
P168,oPRV214
P168,oPRV490
